gender,avg_duration
,3826.5850189965613
Female,1101.9518158459377
Male,855.3141806400951
